<schema xmlns:xsi="http://www.w3.org/2001/XMLSchema-instance"
                 xsi:noNamespaceSchemaLocation="urn:magento:framework:Setup/Declaration/Schema/etc/schema.xsd">
				 
<table name="practice_sample_item" resource="default" engine="innodb" comment="Practice Sample Item">
    <column xsi:type="int" name="entity_id" unsigned="false" nullable="false" identity="true" comment="Entity ID"/>
    <column xsi:type="varchar" name="name" nullable="false" length="255" comment="Name"/>
    <column xsi:type="text" name="description" nullable="false" comment="Description"/>   
    <column xsi:type="varchar" name="file" nullable="false" comment="File"/>    
	
    <constraint xsi:type="primary" referenceId="PRIMARY">
        <column name="entity_id"/>
    </constraint>    
</table>

</schema>